1;Koavf;1480343;AC, AP, EC, EV, F, IP, Rv, Ro, TE
2;Ser Amantio di Nicolao;1203859;Ad
3;Waacstats;1203047;AP, Rv
4;Rich Farmbrough;1021081;Ab, AP, F, Ro, TE
5;Bearcat;789337;Ad
6;Rjwilmsi;742192;Rv, Ro
7;BD2412;659033;Ad
8;Hmains;656213;AP, Rv
9;Woohookitty;606792;Ad
10;Magioladitis;602211;Ad
11;Tassedethe;591155;Ad
12;[Placeholder];559659;
13;Dr. Blofeld;551584;AP, Rv, Ro, TE
14;Materialscientist;547973;Ab, Ch, Ad
15;Carlossuarez46;468503;Ad
16;[Placeholder];456854;
17;Sfan00 IMG;455558;AP, F
18;Lugnuts;422451;AP, Rv
19;BrownHairedGirl;416523;Ad
20;Alansohn;408283;AP, EC, Rv, Ro
21;WhisperToMe;408002;Ad
22;Gene93k;401379;AP, Rv
23;Jllm06;400668;AP, Rv
24;Bgwhite;396991;Ad
25;Courcelles;390091;Ab, Ch, O, Ad
26;Kwamikagami;366178;AP
27;WOSlinker;357339;Ad
28;John of Reading;356365;Rv, TE
29;TonyTheTiger;345464;AP, F, IP, Rv, Ro
30;Chris the speller;334336;AP, Rv
31;Fortdj33;328468;AP, Rv, Ro
32;Kumioko (renamed);318300;
33;Skier Dude;315466;
34;Tim!;313894;Ad
35;Northamerica1000;312987;Ad
36;R'n'B;310601;Ad
37;J.delanoy;310172;Ro
38;Frietjes;302921;AP, TE
39;Hugo999;298240;AP, IP, Rv
40;Charles Matthews;294924;Ad
41;Epbr123;291664;Ad
42;Bender235;278641;AP, Rv, Ro
43;Ohconfucius;277022;AP, Rv
44;Aboutmovies;271446;AP, Rv, Ro
45;Vegaswikian;270507;Ad
46;EP111;268222;
47;Mandarax;265917;AP, Rv, Ro
48;Discospinster;259788;Ad
49;Ruigeroeland;255301;AP, Rv
50;Johnpacklambert;255287;AP, Rv
51;GoingBatty;252064;AP, IP, Rv, Ro
52;Armbrust;246005;AP, F, Rv
53;[Placeholder];244933;
54;Gilliam;238945;Ad
55;Dl2000;237199;AP, Rv, Ro
56;Colonies Chris;232592;Rv, Ro
57;Nyttend;232448;Ab, Ad
58;Wizardman;227562;B, Ad
59;Dawynn;222218;Rv
60;OccultZone;221751;
61;Ryulong;218132;
62;TenPoundHammer;216761;AP, Rv, Ro
63;NawlinWiki;214738;Ab, Ad
64;Dthomsen8;212411;AP, MM, Rv, Ro
65;Tide rolls;211313;Ad
66;GrahamHardy;211021;AP, Rv
67;West.andrew.g;210870;Ad
68;Werldwayd;210675;AP, Rv
69;Keith D;209064;Ad
70;Bhadani;201959;Ad
71;Grutness;201342;Ad
72;Ksnow;200949;AP, IP
73;Dale Arnett;199442;Ad
74;Mlaffs;197583;Ad
75;Flyer22;195247;Rv, Ro
76;Dbachmann;192758;Ad
77;Wilhelmina Will;189124;AP, EV, Rv, Ro
78;Dimadick;188921;AP, Rv
79;Boleyn;188708;AP, Rv
80;NE2;186695;AP, Rv
81;Khazar2;186110;AP, Rv, Ro
82;Mogism;185176;Rv
83;MER-C;183990;Ab, Ad
84;Michael Hardy;182630;Ad
85;Excirial;182244;Ad
86;[Placeholder];181907;
87;Richhoncho;181337;AP, Rv
88;Gogo Dodo;180633;Ab, Ad
89;GiantSnowman;180385;Ad
90;[Placeholder];180293;
91;Starcheerspeaksnewslostwars;180188;Rv
92;Drmies;179817;Ad
93;Tbhotch;179678;AP, F, Rv, Ro
94;MZMcBride;178085;
95;Kante4;178048;AP, Rv
96;Mattythewhite;176829;Ad
97;Niceguyedc;176044;Rv, Ro
98;Piotrus;175467;AP, EC, CI, F, Rv, Ro
99;Stemonitis;174335;Ad
100;Stefan2;174232;F
101;Tabletop;173791;AP, Rv
102;DGG;173662;Ab, Ch, EC, O, Ad
103;GoodDay;172466;AP, Rv
104;John Carter;172006;EC, EV
105;Aspects;171309;Rv
106;Marek69;170815;AP, F, Rv, Ro
107;JustAGal;170569;AP, Rv, Ro
108;John;170329;Ad
109;Widr;169876;AP, F, Rv, Ro
110;Favonian;168724;Ad
111;Fram;167853;Ad
112;The Thing That Should Not Be;167531;Rv, Ro
113;SandyGeorgia;165342;AP, F, Rv, Ro, TE
114;Richard Arthur Norton (1958- );165245;
115;Ebyabe;164572;AP, Rv
116;Cs-wolves;163278;AP, Rv, Ro
117;Arcadian;163042;Ad
118;Dormskirk;162961;AP, Rv, Ro
119;Darius Dhlomo;162679;
120;Plastikspork;161817;Ab, Ad
121;Neelix;161526;EV, Ad
122;Iridescent;161087;Ad
123;ShelfSkewed;160584;AP, Rv, Ro
124;Mjroots;160577;Ad
125;All Hallow's Wraith;160206;Rv, Ro
126;Funandtrvl;159939;AP, Rv, Ro, TE
127;Rettetast;158718;Ad
128;Ezhiki;158280;Ad
129;[Placeholder];157418;
130;Djln;154508;AP
131;Ekabhishek;154223;Ad
132;Martarius;154047;Rv
133;Binksternet;153616;AP, F, Rv
134;Jevansen;153472;AP, Rv, Ro
135;Billy Hathorn;153470;
136;Jweiss11;153304;AP, F, Rv
137;Kintetsubuffalo;153208;AP, F, Rv
138;Sitush;152928;AP, Rv, Ro
139;Nlu;151955;Ad
140;GregorB;151779;AP, Ro
141;Ohnoitsjamie;151538;Ad
142;Buaidh;150940;AP, Rv, TE
143;Vsmith;150240;Ad
144;Epeefleche;150034;Rv
145;Pigsonthewing;149276;AC, AP, EC, EV, IP, Rv, Ro, TE
146;Jrcla2;148366;AP, Rv, Ro
147;Lightmouse;148333;Rv
148;Xezbeth;147871;Ad
149;Muboshgu;147384;AP, F, Rv, Ro
150;Ronhjones;146697;O, Ad
151;Markussep;146528;AP, Rv
152;Mindmatrix;146286;Ab, Ad
153;Jj98;146028;AP
154;Malleus Fatuorum;145401;
155;The Anome;144956;Ab, Ad
156;Closedmouth;144404;Ab, Ad
157;Johnbod;144373;AP, Rv, Ro
158;I dream of horses;144177;AP, Rv, Ro
159;Malcolma;144135;AP, Rv
160;Everyking;143726;Ad
161;Ulric1313;142723;Rv, Ro
162;Bovineboy2008;142094;AP, F, Rv
163;SlimVirgin;141989;Ab, Ad
164;Viriditas;141624;AP, Rv, Ro
165;Rms125a@hotmail.com;141168;AP, IP, Rv
166;Eeekster;140624;F, Rv, Ro
167;Doug Weller;140491;Ab, Ch, O, Ad
168;Casliber;140400;Ab, Ad
169;Longhair;139814;Ad
170;Tewapack;139246;AP, Rv, Ro
171;Slambo;138972;Ad
172;Grahamec;137834;AP, Rv, Ro
173;Edgar181;137359;Ab, Ad
174;Doc James;137313;EV, Ad
175;Bwmoll3;137292;Ro
176;Badagnani;136593;
177;Beetstra;136314;Ab, Ad
178;Acroterion;136275;Ad
179;JackofOz;136249;AP, Rv, Ro
180;OOODDD;135503;
181;Severo;135232;AP, Rv
182;Darwinek;135027;Ad
183;Jim1138;135005;Rv, Ro
184;[Placeholder];134873;
185;Gaius Cornelius;134470;Ad
186;Attilios;134432;AP, Rv
187;Daniel Case;134250;O, Ad
188;Alan Liefting;134249;AP, F, Rv, Ro
189;AnemoneProjectors;134122;Ad
190;Chanheigeorge;134119;AP, Rv
191;Anthony Appleyard;133927;Ad
192;RonaldB;133172;Rv
193;Derek R Bullamore;132947;AP, Rv, Ro
194;Klemen Kocjancic;132888;
195;The Rambling Man;132666;Ad
196;The Bushranger;132245;Ad
197;WildCherry06;132166;AP, Rv
198;Hyacinth;131243;Ad
199;C.Fred;131212;Ad
200;Moonriddengirl;131085;Ab, Ad
201;MisterBee1966;131024;AP, Rv
202;Bongwarrior;130864;Ad
203;Timrollpickering;130692;Ad
204;Tony1;129796;AP, Rv, TE
205;Bkonrad;129123;Ad
206;Hydrogen Iodide;127969;Ro
207;Redrose64;127696;Ad
208;Ground Zero;127181;Ad
209;PeeJay2K3;126469;AP, Rv
210;Mark Arsten;126127;Ad
211;Graham87;126091;IM, Ad
212;Kbdank71;125906;Ad
213;Diannaa;125441;Ad
214;Neddyseagoon;125299;Rv
215;Wavelength;124678;Rv
216;TAnthony;124458;AP, Rv, Ro
217;Pinethicket;124256;AP, Rv, Ro
218;WereSpielChequers;123195;Ad
219;AussieLegend;122468;AP, F, IP, Rv, Ro
220;Katharineamy;122288;Rv, Ro
221;TwinsMetsFan;122109;Ad
222;Parkwells;121625;AP, Ro
223;Mild Bill Hiccup;121164;Rv, Ro
224;William Avery;120961;Rv, Ro
225;Jmorrison230582;120760;AP, Rv
226;Lord Cornwallis;120715;AP, Rv
227;Cplakidas;120267;AP, F, Rv
228;Juliancolton;120102;Ab, Ad
229;Beyond My Ken;120008;AP, F, Rv, Ro
230;Sardanaphalus;119749;
231;Headbomb;119614;AP, F, Rv, Ro, TE
232;TheRedPenOfDoom;119311;Rv, Ro
233;RFD;119202;AP, Rv, Ro
234;Walter Görlitz;119075;Rv
235;Matthew hk;118885;AP, Rv
236;Missvain;118488;Ad
237;DanTD;118421;AP, Rv
238;Fabrictramp;118210;Ad
239;JohnCD;118136;Ad
240;David Gerard;118111;Ad
241;Biruitorul;118110;AP, Rv
242;Snowmanradio;117879;AP, Rv, Ro
243;Eric444;117599;AP, Rv
244;Deb;116922;Ad
245;Doncram;116763;Rv
246;Peter I. Vardy;115987;AP, Rv
247;[Placeholder];115888;
248;Felix Folio Secundus;115654;AP, Rv
249;Gadget850;115577;Ad
250;Moe Epsilon;115243;AP, F, Rv, Ro
251;Zzyzx11;115229;Ab, Ad
252;Rodhullandemu;115150;
253;Ssilvers;114976;AP, EV, Rv, Ro
254;Leszek Jańczuk;114775;AP, Rv, Ro
255;Jayjg;114656;Ad
256;Svenbot;114365;
257;Ahunt;113935;AP, Rv, Ro
258;Crisco 1492;112865;Ad
259;Bobo192;112696;Ad
260;Alexf;112535;Ad
261;JamesBWatson;112449;Ad
262;Meno25;112424;Ad
263;Gadfium;112337;Ad
264;Will Beback;112162;
265;TheFarix;111805;Rv, Ro
266;DH85868993;111801;AP, Rv
267;DePiep;111776;TE
268;StAnselm;111743;AP, F, Rv
269;Thumperward;111453;Ad
270;Clarityfiend;111381;AP, Rv
271;Acalamari;111155;B, Ad
272;Tigerboy1966;110761;AP
273;J Milburn;110004;Ad
274;Ahoerstemeier;109984;Ad
275;Gurch;109719;Ro
276;JarrahTree;109595;AP, Rv, Ro
277;Robertgreer;109263;AP, Rv
278;Middayexpress;109244;AP
279;TexasAndroid;109032;Ad
280;Epicgenius;108878;AP, F, Rv, Ro
281;PKT;108855;Rv
282;JForget;108664;
283;MBisanz;108240;B, Ch, O, Ad
284;SimonP;107855;Ad
285;AnmaFinotera;107494;
286;Racklever;107450;Rv
287;Quadell;107276;Ad
288;Nightscream;107234;
289;Djsasso;106773;Ad
290;Welsh;106570;AP, Rv
291;Arthur Rubin;106295;Ad
292;WikHead;106029;Rv, Ro
293;Ukexpat;105890;AP, F, IP, Rv, Ro
294;Jaraalbe;105816;
295;Nick Number;105781;Rv
296;TMC1982;104852;Rv
297;Calliopejen1;104744;EC, EV, Ad
298;Rjensen;104467;AC, AP, EP, F, IP, Rv, Ro
299;Gerda Arendt;104261;AP, F, IP, Rv, Ro
300;Fadesga;104012;
301;Trident13;103559;
302;Mayumashu;103089;AP
303;Dawnseeker2000;103064;AP, F, Rv, Ro
304;Salavat;102666;AP, F, Rv
305;Rschen7754;102587;Ab, Ad
306;In ictu oculi;102580;AP, Rv
307;Antandrus;102297;Ad
308;Jim Sweeney;102243;AP, Rv, Ro
309;Gary;102140;AP, Rv, Ro
310;Can't sleep, clown will eat me;101994;
311;Dravecky;101851;Ad
312;Mais oui!;101591;AP, Rv, Ro
313;Neutrality;101436;Ad
314;Tenebrae;101404;AP, Rv
315;QuasyBoy;101247;AP, F, Rv, Ro
316;Rosiestep;101120;Ad
317;MRSC;100737;AP, F, Rv, TE
318;Fnlayson;100695;Rv, Ro
319;RHaworth;100400;Ad
320;Kuru;100290;Ab, Ad
321;Number 57;99711;Ad
322;SchreiberBike;99709;Rv
323;WayKurat;99426;Rv, Ro
324;Wehwalt;98790;Ad
325;Shyamsunder;98785;AP, Rv
326;MilborneOne;98703;Ad
327;Jimfbleak;98504;Ad
328;Shawn in Montreal;98421;AP, Rv, Ro
329;Oculi;98149;
330;Fayenatic london;97985;Ad
331;Joy;97979;Ad
332;Docu;97802;Ab
333;Baseball Bugs;97683;AP, Rv, Ro
334;Droll;97498;Rv, Ro
335;PamD;97323;AP, Rv, Ro
336;Monegasque;97182;
337;Ken Gallager;97156;AP, Ro
338;Geregen2;97053;AP, Rv
339;JaGa;97002;Ad
340;Egeymi;96697;AP, Rv, Ro
341;Mean as custard;96351;Rv, Ro
342;Nono64;96246;AP, Rv, Ro
343;Joseph Solis in Australia;96175;
344;Vanished user 201913;96104;
345;Another Believer;96000;AC, AP, EC, CI, EV, F, MM, Rv, Ro
346;SchuminWeb;95920;
347;Orangemike;95896;EC, Ad
348;Wikipelli;95369;AP, IP, Rv, Ro
349;Bryan Derksen;95309;
350;PBS;95105;Ad
351;Omnipaedista;95052;
352;Olivier;94972;Ad
353;J04n;94859;Ad
354;Solar-Wind;94838;AP
355;Trappist the monk;94756;Ad
356;Gwernol;94742;
357;Nihonjoe;94489;Ab, B, Ad
358;Treybien;94382;Rv
359;MatthewVanitas;94337;AP, Rv, Ro
360;[Placeholder];93997;
361;FeanorStar7;93743;AP, Rv
362;SMcCandlish;93633;AP, F, Rv, Ro, TE
363;Stepheng3;93467;AP, Rv, Ro
364;RadioFan;93442;AP, Rv, Ro
365;TJ Spyke;93344;
366;Finetooth;93340;AP, Rv
367;Paul Barlow;93293;AP, Rv
368;Ktr101;93244;AC, AP, EP, F, IP, MM, Rv, Ro, TE
369;Rlevse;93195;
370;Jeff G.;93122;AP, F, Rv, Ro
371;DMacks;93064;Ab, Ad
372;Azumanga1;92881;AP, Rv
373;Ribbon Salminen;92141;AP, Rv
374;Xeno;92064;B, Ad
375;Hu12;91877;
376;Imzadi1979;91437;AP, F, MM, Rv, Ro, TE
377;Lockley;91350;AP
378;SummerPhD;91318;Ro
379;Abyssal;91271;AP, Rv
380;Greyhood;91196;AP, Rv, Ro
381;Cbl62;91176;Ad
382;Dan56;91008;
383;Andy Dingley;90932;AP, Rv
384;Geschichte;90892;Ad
385;Philip Trueman;90856;Rv, Ro
386;Rankersbo;90803;
387;Gregbard;90732;Rv
388;DerHexer;90707;Ad
389;RJHall;90673;AP, Rv
390;Plantdrew;90583;AP
391;BilCat;90528;AP, IP, Rv, Ro
392;Philip Cross;90338;AP
393;Malik Shabazz;90045;Ad
394;Gene Nygaard;90044;
395;David Eppstein;90032;Ad
396;Skookum1;89943;AP
397;MarnetteD;89850;Rv, Ro
398;Robofish;89724;Rv, Ro
399;Wetman;89609;AP, EV, Rv, Ro
400;Zzuuzz;89470;Ab, Ad
401;PhilKnight;89389;Ch, O, Ad
402;Mercurywoodrose;89231;AP, Rv
403;WWGB;89221;AP, Rv, Ro
404;NiciVampireHeart;89184;AP, Rv, Ro
405;JMHamo;89159;AP, Rv, Ro
406;J Greb;89079;Ad
407;Download;88989;AP, Rv, Ro
408;Wknight94;88955;Ab, Ad
409;Srich32977;88860;AP, Rv, Ro
410;Modernist;88857;AP, Rv, Ro
411;Juhachi;88803;AP, F, Rv, Ro
412;Plasticspork;88718;
413;Gibson Flying V;88686;AP, Rv
414;Toddst1;88593;
415;[Placeholder];88187;
416;UtherSRG;88076;Ad
417;Anna Frodesiak;88053;Ad
418;Angr;88016;Ad
419;YUL89YYZ;87985;AP, Rv
420;Cloudz679;87866;AP, Rv
421;Wgolf;87720;AP, Rv, Ro
422;Sun Creator;87715;Rv
423;Paul August;87704;Ad
424;Blanchardb;87664;Rv, Ro
425;Zombie433;87593;
426;Snappy;87396;AP, Rv, Ro
427;Muhandes;87380;AP, Rv, Ro
428;Jeanne boleyn;87244;AP, Rv, Ro
429;Sadads;87244;EC, EV, Ad
430;The Transhumanist;87244;AP, Rv, Ro
431;Jagged 85;87237;
432;Mike Selinker;87100;Ad
433;Betacommand;86927;
434;Ealdgyth;86806;AP, F, Rv, Ro
435;Utcursch;86739;Ab, Ad
436;STATicVapor;86651;AP, F, Rv, Ro
437;[Placeholder];86537;
438;YellowMonkey;86443;
439;Rothorpe;86425;Rv
440;Ronz;86304;Rv, Ro
441;Guillaume2303;86215;AP, Rv
442;Joe Decker;86176;Ch, O, Ad
443;ÄDA - DÄP;86136;AP
444;Invertzoo;86120;AP, Ro
445;Rtkat3;86104;AP, Rv
446;KConWiki;85991;AP
447;Lugia2453;85972;AP, Rv, Ro
448;Mishae;85533;
449;Tomruen;85509;AP, Rv
450;RedWolf;85494;Ad
451;Deor;85132;Ad
452;Pubdog;85029;AP, Rv, Ro
453;Ricky81682;84919;Ad
454;Namiba;84738;AP, Rv
455;Crusoe8181;84632;AP, Rv, Ro
456;Zagalejo;84541;Ad
457;Sir Sputnik;84349;AP, Rv
458;NeilN;84195;Ad
459;Infrogmation;84179;B, Ad
460;Kevinalewis;83820;AP, Rv
461;Jmabel;83525;Ad
462;Falcon8765;83478;Rv, Ro
463;Ghirlandajo;83452;AP, Rv
464;GVnayR;83413;
465;Howcheng;83390;Ad
466;Look2See1;83383;
467;Tinton5;83158;
468;Postdlf;83134;Ad
469;NuclearWarfare;82903;Ab, Ad
470;Voceditenore;82856;AP, F, Rv, Ro
471;Ckatz;82660;Ad
472;Ww2censor;82634;AP, Rv
473;Debresser;82515;AP, Rv, Ro, TE
474;Nehrams2020;82495;Ad
475;Necrothesp;82357;Ad
476;Kww;81905;Ab, Ad
477;RogDel;81837;Rv
478;Ardfern;81755;AP, Rv
479;Dahn;81609;AP, Rv
480;Paine Ellsworth;81553;TE
481;Borgarde;81492;AP, Rv, Ro
482;Bbb23;81434;Ch, Ad
483;Tony Sidaway;81421;AP, Rv
484;Petebutt;81412;AP, IP, Rv
485;Shadowjams;81353;AP, Rv, Ro
486;Ttonyb1;81280;Rv, Ro
487;Connormah;81246;Ad
488;Sillyfolkboy;81113;AP, Rv, Ro, TE
489;Spanneraol;81035;AP, Rv, Ro
490;Avicennasis;80913;AP, F, Rv, Ro
491;Cattus;80603;AP, Rv
492;Acntx;80476;AP, Rv
493;Bellhalla;80325;
494;Off2riorob;80325;
495;Dicklyon;80248;AP, Ro
496;Rodw;80220;AP, Rv, Ro
497;Oxymoron83;80208;
498;Nightstallion;80191;Ad
499;Kernel Saunters;80156;AP, Rv, Ro
500;Beagel;80048;AP, Rv, Ro
501;Hafspajen;80040;Rv, Ro
502;Yankees10;79891;AP, Rv, Ro
503;Masem;79687;Ad
504;Unreal7;79666;
505;Trivialist;79640;Rv
506;Edward;79453;Ad
507;JoJan;79267;Ad
508;Ironholds;79204;Ab, AP, Rv, Ro
509;Daemonic Kangaroo;79197;AP, Rv
510;Ceoil;79098;AP, Rv, Ro
511;McGeddon;78997;Rv, Ro
512;SNAAAAKE!!;78900;
513;Zigzig20s;78892;AP, Rv
514;Warofdreams;78833;B, Ad
515;Stevietheman;78808;Rv, Ro
516;Russavia;78741;
517;Dirtlawyer1;78672;AP, Ro
518;WhatamIdoing;78616;AP, Rv
519;Howard the Duck;78587;AP, Rv
520;Mattisse;78542;
521;VanishedUserABC;78528;
522;Kleinzach;78456;AP, IP, Rv, Ro
523;Fæ;78453;Ro
524;Eastlaw;78322;AP, Rv, Ro
525;Dr.K.;78254;AP, F, Rv, Ro
526;Geo Swan;78250;AP, Rv
527;MusikAnimal;78018;Ab, Ad
528;DVdm;78005;AP, Rv, Ro
529;IZAK;77975;AP, F, Rv, Ro
530;Belovedfreak;77879;AP, Rv, Ro
531;Mav;77870;Ad
532;Raymond Cruise;77578;AP, Rv
533;Jfdwolff;77559;Ad
534;7&6=thirteen;77461;AP, Rv, Ro
535;Wtmitchell;77373;Ad
536;Buckshot06;77198;Ad
537;Andrzejbanas;76916;AP, Rv, Ro
538;Icairns;76837;
539;Arjayay;76804;Rv
540;IronGargoyle;76532;Ad
541;ESkog;76352;Ad
542;Philafrenzy;76270;AP
543;DynamoDegsy;76240;AP, Rv
544;HJ Mitchell;76229;Ab, O, Ad
545;The wub;76213;Ad
546;Mohsen1248;76132;AP, Rv
547;Kumioko;76062;
548;NewTestLeper79;76031;AP, Rv, Ro
549;Pats1;76025;
550;DrKiernan;75966;Ad
551;JzG;75887;Ad
552;Od Mishehu;75770;Ab, Ad
553;Ron Ritzman;75697;Ad
554;AnnaKucsma;75683;Rv
555;Arbero;75500;Rv
556;SPUI;75418;
557;Valfontis;75376;Ad
558;Dysmorodrepanis~enwiki;75259;AP, Rv
559;Donner60;75130;AP, Rv, Ro
560;BorgQueen;75098;Ad
561;Nv8200pa;75021;Ad
562;Montanabw;74944;AC, AP, F, Rv, Ro
563;Explicit;74898;
564;Brianboulton;74717;AP, F, Rv, Ro
565;Andrwsc;74666;Ad
566;Rlendog;74551;Ad
567;Dismas;74542;AP, F, Rv
568;Trevor MacInnis;74474;Ab, Ad
569;Moxy;74392;Rv, Ro, TE
570;StuRat;74378;Rv
571;Malcolmxl5;74136;Ad
572;Eleassar;74121;Ad
573;Erik II;74084;AP, F, MM, Rv, Ro
574;Nikkimaria;74052;AP, EC, EV
575;Stifle;73976;Ab, Ad
576;Zyxw;73889;AP, Rv, TE
577;Auntof6;73762;AP, Rv, Ro
578;Sandstein;73691;Ad
579;Topbanana;73677;Ad
580;SilkTork;73520;Ad
581;Firsfron;73501;Ad
582;Merenta;73257;Rv, Ro
583;-5-;72964;Rv
584;Jossi;72880;
585;Bermicourt;72721;AP, Rv, Ro
586;Future Perfect at Sunrise;72689;Ab, Ad
587;MBK004;72668;
588;Bonadea;72633;AP, Rv, Ro
589;Beeblebrox;72478;O, Ad
590;Magog the Ogre;72407;Ad
591;Bossanoven;72385;
592;Rikster2;72279;AP, Ro
593;The Rogue Penguin;72200;Rv
594;Bleaney;72189;AP, Rv
595;Koala15;71996;AP
596;BDD;71844;Ad
597;Jaellee;71777;Rv, Ro
598;Earl Andrew;71739;Ad
599;GraemeLeggett;71721;AP, Rv
600;Useight;71674;B, Ad
601;Khoikhoi;71605;
602;RJFJR;71571;Ad
603;After Midnight;71530;Ad
604;This is Paul;71382;AP, Rv
605;Black Falcon;71331;Ad
606;Thingg;71246;Ad
607;X201;71214;F, Rv, TE
608;PC78;71040;AP, Rv
609;Kirill Lokshin;71034;Ab, Ad
610;DocWatson42;71032;Rv
611;Ghmyrtle;70952;AP, Rv, Ro
612;Raul654;70701;Ab, B, Ad
613;Fuhghettaboutit;70307;Ad
614;TheOldJacobite;70112;
615;[Placeholder];70038;
616;MuZemike;70033;AP
617;Kelly;70004;F, Rv, Ro
618;Maias;69966;AP, Rv
619;Peter Horn;69845;AP, Rv
620;Elonka;69770;Ad
621;Gatoclass;69537;Ad
622;Victuallers;69429;Ad
623;Kudpung;69355;EV, Ad
624;Sceptre;69325;AP, Rv, Ro
625;Ponyo;69251;Ab, Ch, O, Ad
626;Smalljim;69241;Ab, Ad
627;El C;69196;Ad
628;Titodutta;69131;EV, Ad
629;MacRusgail;69050;AP, Rv
630;Editor2020;69046;Ro
631;Graeme Bartlett;69044;EV, Ad
632;Lihaas;68953;AP, Rv
633;Canadian Paul;68947;Ad
634;Soman;68925;AP, Rv
635;Orderinchaos;68839;Ad
636;Tim1357;68815;Ab, AP, F, Rv, Ro
637;Calton;68771;
638;Saga City;68593;AP, Rv
639;Yamla;68588;Ad
640;Schwede66;68581;AP, Rv, Ro
641;[Placeholder];68432;
642;Scorpion0422;68351;AP, Rv, Ro
643;Student7;68334;AP, Rv
644;Martinevans123;68305;Rv, Ro
645;Nickst;68245;AP, Ro
646;Mufka;68161;Ad
647;Tommy2010;68130;Rv, Ro
648;JonBroxton;68013;AP, Rv, Ro
649;Gamaliel;67854;Ab, Ad
650;John Vandenberg;67620;Ab, Ad
651;Dank;67615;Ad
652;Bubba73;67591;Rv, Ro
653;Sasata;67547;AP, Rv, Ro
654;Wasted Time R;67433;AP, Rv, Ro
655;Nick-D;67345;Ad
656;OlEnglish;67304;Ad
657;Pharaoh of the Wizards;67301;AP, Rv, Ro
658;Mika1h;67285;F, Ro
659;Dough4872;67146;AP, F, Rv, Ro
660;Fsmatovu;67117;AP, Rv, Ro
661;Cybercobra;67052;AP, Rv, Ro
662;Patrick;66894;Ab, Ad
663;Delusion23;66891;AP
664;Andycjp;66882;
665;Plucas58;66773;AP
666;Skyblueshaun;66723;Rv
667;JHunterJ;66699;Ad
668;[Placeholder];66695;
669;West Virginian;66678;AP, Rv
670;Hebrides;66670;AP, Rv
671;Jpbowen;66489;AP, Rv
672;Dabomb87;66454;
673;Hullaballoo Wolfowitz;66451;Rv
674;The-Pope;66225;AP, Rv, Ro
675;Wolbo;66185;AP, Rv
676;Tomas e;66179;AP, Rv, Ro
677;Alaney2k;66058;AP, Rv
678;Bobblewik;66026;
679;WikiDan61;65860;Rv
680;[Placeholder];65569;
681;Jared Preston;65510;AP, Rv, Ro
682;Tpbradbury;65506;AP, Rv, Ro
683;Seaphoto;65478;Rv, Ro
684;Luna Santin;65325;
685;WilliamJE;65238;AP, Rv
686;BlackJack;65217;AP, Rv
687;Carcharoth;65141;Ad
688;Auric;65045;AP, Rv
689;Timbouctou;64854;AP, Rv
690;Levineps;64853;
691;Varlaam;64823;
692;Biscuittin;64804;AP, Rv
693;Aleksandr Grigoryev;64796;AP, Rv
694;HangingCurve;64792;Rv, Ro
695;Aymatth2;64694;AP, Rv, Ro
696;Josve05a;64646;Rv, Ro
697;DISEman;64633;AP, Rv
698;Fraggle81;64584;Rv, Ro
699;Therequiembellishere;64561;Rv, Ro
700;DuncanHill;64513;AP, IP, Rv, Ro
701;Tnxman307;64361;
702;Bearian;64332;AP, Ro
703;George Ho;64300;F
704;BeenAroundAWhile;64288;F, Rv
705;Dwanyewest;64185;AP, Rv
706;Arctic.gnome;64128;Ad
707;Chensiyuan;64066;AP, IP
708;Angusmclellan;63983;Ad
709;MONGO;63975;AP, F, Rv, Ro
710;Jogurney;63935;AP, Rv
711;DagosNavy;63892;
712;Paul A;63785;Ad
713;Ssriram mt;63720;
714;Marine 69-71;63654;Ad
715;SqueakBox;63628;
716;Mgiganteus1;63597;AP, Rv
717;Skyerise;63597;Rv, Ro
718;Epipelagic;63562;AP, Rv
719;Tom Morris;63520;Ad
720;TheCatalyst31;63370;Ad
721;Illegitimate Barrister;63276;AP, TE
722;Parsecboy;63262;Ad
723;Sjones23;63180;Rv, Ro
724;Capricorn42;63117;Ro
725;EchetusXe;63084;AP, F, Rv, Ro
726;Bzuk;63056;AP, Rv, Ro
727;[Placeholder];62992;
728;Jimp;62970;Ad
729;CaroleHenson;62922;AP, EV
730;Jayron32;62915;Ad
731;DerBorg;62908;AP, F, Rv, Ro
732;Vrenator;62805;Rv, Ro
733;Jax 0677;62701;AP
734;RexNL;62490;
735;Cuchullain;62473;Ad
736;Pmanderson;62436;AP, Rv
737;Dsp13;62428;AP, Rv
738;Od Mishehu AWB;62343;AP, Rv
739;Pvmoutside;62178;AP, Rv
740;Nimetapoeg;62152;
741;GoldRingChip;62147;Ad
742;Bencherlite;62121;Ad
743;JASpencer;62120;AP, Rv, Ro
744;Wiki alf;62119;
745;Serendipodous;62087;AP, EV, Rv, Ro
746;Neutralhomer;61971;AP, F, Rv
747;NotWith;61905;
748;KylieTastic;61888;AP, Rv, Ro
749;Kingturtle;61730;B, Ad
750;Jason Rees;61717;AP, Rv, Ro, TE
751;FunkMonk;61713;AP, Rv
752;Boghog;61706;AP, Rv, Ro, TE
753;Status;61700;AP, F, Rv, Ro, TE
754;Miller17CU94;61525;AP, Rv
755;Ymblanter;61386;Ad
756;Bignole;61357;Rv
757;Bruce1ee;61304;AP, Rv, Ro
758;Bsuorangecrush;61112;AP, Rv
759;Girolamo Savonarola;60982;AP, Rv
760;Ianblair23;60980;Ad
761;Durova;60682;AP, Rv, Ro
762;PRehse;60495;
763;Europe22;60413;AP, Rv, Ro
764;Mdnavman;60395;AP, Rv
765;Mel Etitis;60375;
766;SNIyer12;60297;
767;Yeepsi;60261;
768;Jusdafax;60243;Rv, Ro
769;Lds;60155;AP, Rv, Ro
770;117Avenue;60141;AP, F, Rv, Ro, TE
771;Mike Rosoft;60100;Ad
772;Ceyockey;60078;Ad
773;B;59997;Ad
774;Skomorokh;59989;AP, Rv
775;IllaZilla;59984;AP, F, Rv, Ro
776;Timtrent;59980;AP, Rv
777;Boing! said Zebedee;59834;
778;Geniac;59810;Ad
779;Otto4711;59599;
780;Gorobay;59587;
781;GB fan;59549;Ab, O, Ad
782;Mojo Hand;59433;Ad
783;Zscout370;59330;Ad
784;Ikip;59234;
785;MSGJ;59172;Ad
786;Nakon;59160;Ab, Ad
787;Chrisjnelson;59104;
788;CJCurrie;59050;Ad
789;Carrite;58999;AP, Rv, Ro
790;AnonMoos;58949;AP, Rv
791;Dewritech;58941;
792;Djflem;58840;Rv
793;Jezhotwells;58749;AP, Rv
794;Rjanag;58675;Ad
795;Tjmayerinsf;58637;AP, Rv
796;William M. Connolley;58625;AP, Rv, Ro
797;Alai;58547;
798;Enkyo2;58409;AP, Rv
799;Reddi;58326;AP
800;Cgingold;58322;Rv
801;Reaper Eternal;58238;Ab, Ch, Ad
802;Magicpiano;58231;AP, Rv, Ro
803;TimVickers;58110;Ad
804;Ynhockey;58030;Ad
805;Captain panda;57990;AP, Rv, Ro
806;John K;57900;Ad
807;Jerome Kohl;57852;AP, Rv, Ro
808;Struway2;57792;AP, Rv, Ro
809;TakuyaMurata;57778;Rv
810;Conquistador2k6;57713;AP, Rv
811;FruitMonkey;57693;AP, Rv
812;JNW;57663;AP, Rv, Ro
813;Chris j wood;57630;AP
814;Ed Poor;57582;
815;FisherQueen;57520;Ad
816;Mikemor92;57486;AP
817;Sabrebd;57466;AP, Rv, Ro
818;Llywrch;57436;Ad
819;Brad101;57398;AP, Rv, Ro
820;Marc87;57370;AP
821;Agne27;57328;AP, Rv, Ro
822;Hamish59;57264;
823;Pol098;57246;Rv
824;Hawkeye7;57238;AP, F, Rv, Ro
825;Velella;57199;AP, Rv, Ro
826;Qwyrxian;57186;
827;Rcsprinter123;57185;F, Ro
828;Alientraveller;57141;Rv
829;Allen3;57060;Ad
830;Tedder;56949;Ab, Ad
831;TubularWorld;56930;AP, Rv
832;PericlesofAthens;56904;AP, Rv
833;Grafen;56826;Rv, Ro
834;ChrisTheDude;56805;Ad
835;Ericorbit;56759;Ad
836;Redtigerxyz;56694;AP, F, Rv, Ro
837;Morwen;56691;Ad
838;CeeGee;56591;AP, Rv
839;Wuhwuzdat;56580;
840;Classicfilms;56576;AP
841;Golbez;56570;Ad
842;Rsrikanth05;56531;AP, Rv, Ro
843;Holiday56;56530;AP, Rv
844;Sphilbrick;56523;Ad
845;Director;56503;AP, Rv
846;Captain Assassin!;56454;AP, F, Rv, Ro
847;Beland;56296;Ad
848;Choess;56287;Ad
849;Jwillbur;56253;AP, Rv
850;Rrburke;56241;Rv, Ro
851;Lackett;56085;
852;Jenks24;56030;Ad
853;ArtVandelay13;56006;AP, Rv
854;TomCat4680;55999;Rv
855;Kingjeff;55926;AP, IP
856;Wildhartlivie;55910;AP, Rv, Ro
857;DMighton;55892;AP, Rv
858;Chrishmt0423;55729;AP, Rv, Ro
859;Surtsicna;55720;AP
860;Kukini;55597;
861;Jpgordon;55536;Ch, Ad
862;Moondyne;55535;Ad
863;MrX;55484;AP, F, Rv, Ro
864;Rmhermen;55443;Ad
865;Green Cardamom;55424;AP, Rv, Ro
866;Arbor to SJ;55390;Rv, Ro
867;Guat6;55360;
868;Anythingyouwant;55353;Rv
869;Ipigott;55333;AP, Rv
870;Everymorning;55208;AP, Rv, Ro
871;Nev1;55188;Ad
872;Hwy43;55183;AP
873;WesleyDodds;55176;AP, Rv, Ro
874;Mar4d;55154;AP
875;GTBacchus;55112;AP, F, Ro
876;Tokyogirl79;55099;Ad
877;Melesse;54977;Ad
878;Postcard Cathy;54935;
879;MichaelQSchmidt;54922;Ad
880;Drovethrughosts;54876;Ro
881;Rd232;54863;
882;Kingpin13;54735;Ab, Ad
883;Frickeg;54727;AP, Rv
884;Werieth;54678;
885;Trusilver;54659;AP, Rv, Ro
886;Randykitty;54631;Ad
887;Geraldo Perez;54530;IP, Rv, Ro
888;CyberSkull;54527;
889;Wtshymanski;54509;
890;Rangoon11;54477;
891;Brewcrewer;54449;AP, Rv
892;Ottawahitech;54445;
893;King of Hearts;54347;Ab, Ad
894;Keilana;54305;EC, EV, O, Ad
895;Valentinian;54131;
896;Steam5;54129;Rv
897;Tinucherian;54049;Ad
898;Logan;53975;F, Rv, Ro
899;Traveler100;53889;F, Rv, Ro
900;Piano non troppo;53873;Ro
901;Merovingian;53852;Ad
902;John Cline;53839;AP, EV, F, IP, Rv, Ro
903;Loremaster;53751;Rv
904;Mailer diablo;53711;Ch, O, Ad
905;Doniago;53691;Rv, Ro
906;Meco;53690;
907;AustralianRupert;53690;AP, F, Rv, Ro
908;ZappaOMati;53686;AP, Rv
909;Savidan;53686;Ad
910;Jj137;53686;
911;AlexiusHoratius;53660;Ad
912;Jim.henderson;53635;AC, AP, EC, Rv, Ro
913;Mathewignash;53624;AP
914;Fastily;53601;
915;Addshore;53575;Ab, B, Ad
916;Theroadislong;53574;AP, Rv, Ro
917;Chiswick Chap;53499;AP, Rv, Ro
918;Bretonbanquet;53387;AP, Rv, Ro
919;MelbourneStar;53342;AP, Rv, Ro
920;Bobrayner;53282;AC, AP, EV, Rv, Ro
921;Merbabu;53262;AP, Rv, Ro
922;ASDFGH;53241;AP, Rv
923;Dreadstar;53180;
924;Ram-Man;53047;
925;Per Honor et Gloria;53031;AP, Rv
926;A Nobody;53000;
927;Thine Antique Pen;52990;AP, Rv, Ro
928;Pichpich;52981;AP, Rv, Ro
929;Yintan;52979;Rv, Ro
930;Giraffedata;52914;
931;LittleWink;52913;
932;Skinsmoke;52909;AP, Rv
933;Trekphiler;52877;AP, Rv
934;WikiOriginal-9;52858;AP
935;Candlewicke;52784;AP, Rv, Ro
936;Michig;52757;Ad
937;The Banner;52700;AP, Rv, Ro
938;The ed17;52663;Ad
939;Dewelar;52643;AP, Rv, Ro
940;Curps;52628;
941;ProveIt;52626;Ad
942;SwisterTwister;52617;AP, Ro
943;Boneyard90;52607;
944;Pjoef;52605;MM
945;Joseph A. Spadaro;52595;
946;Gilo1969;52551;AP, Rv
947;Anne Delong;52547;Ad
948;Jerem43;52513;AP, Rv, Ro, TE
949;Dana boomer;52505;Ad
950;Emperor;52440;Ad
951;Srnec;52438;AP, Rv
952;Crystallina;52432;Ro
953;Soxrock;52423;
954;Jack1956;52416;AP, IP, Rv
955;Omicronpersei8;52319;
956;Typ932;52299;AP, Rv, Ro
957;Ops Monitor (WMF);52293;
958;Ixfd64;52283;Ab, Ad
959;Kaldari;52276;AP, F, Rv, Ro
960;Omnedon;52265;AP, Rv, Ro
961;Spinningspark;52234;Ab, Ad
962;SchroCat;52229;AP, Rv, Ro
963;Shshshsh;52190;Rv, Ro
964;Dlohcierekim;52184;
965;PDH;52166;
966;JuneGloom07;52162;AP, Rv, Ro
967;WLU;52157;AP, Rv, Ro
968;Jonesey95;52103;TE
969;Thryduulf;52043;Ch, O, Ad
970;Nishkid64;51980;
971;Mr. Stradivarius;51961;Ad
972;Jerzy;51940;Ad
973;Edokter;51928;Ad
974;Sundostund;51920;F
975;Garion96;51846;Ad
976;Pietaster;51787;AP, Rv
977;Mackensen;51780;Ad
978;Nfc123;51704;AP, Rv
979;PANONIAN;51642;AP
980;Dennis Brown;51637;Ab, Ad
981;Gyrofrog;51587;Ad
982;とある白い猫;51476;F, Rv, Ro
983;Resolute;51412;Ad
984;E-Kartoffel;51339;AP, Rv
985;Afil;51297;AP, Rv
986;Ruhrfisch;51295;Ad
987;Andreasegde;51262;Rv
988;Mattinbgn;51247;Ad
989;DragonflySixtyseven;51236;Ad
990;ST47;51226;Ad
991;Volunteer Marek;51207;AP, Rv, Ro
992;INeverCry;51203;AP, F, Rv, Ro
993;Drilnoth;51187;Ab, Ad
994;Gerry D;51173;AP, Rv, Ro
995;Sturmvogel 66;51166;AP, Rv, Ro
996;FT2;51116;Ab, Ad
997;[Placeholder];51108;
998;EoGuy;51091;Rv
999;Mark Staffieri;51088;AP, Rv, Ro
1000;Victoriaearle;51057;AP, Rv, Ro
1001–2000[edit];;;
No.;User;Edit count;User groups
1001;Rkitko;51035;Ad
1002;Snowolf;51016;O, Ad
1003;Adam Bishop;51012;Ad
1004;SMasters;51008;F, Rv, Ro
1005;Dave logic;50945;
1006;RenamedUser01302013;50914;
1007;Wadewitz;50892;
1008;Sionk;50853;Ro
1009;Maunus;50851;AP, Rv, Ro
1010;Rlandmann;50824;Ad
1011;Blethering Scot;50824;AP, Rv, Ro
1012;AdamDeanHall;50821;Rv
1013;Hektor;50771;AP
1014;Art LaPella;50746;Ad
1015;Timeshift9;50746;AP, Rv
1016;Onorem;50725;Rv, Ro
1017;Hoary;50720;Ad
1018;Canysp;50667;
1019;Qyd;50651;AP, Rv
1020;Jokestress;50614;AP, Rv, Ro
1021;PFHLai;50603;Ad
1022;Royalbroil;50577;Ad
1023;CBM;50577;F, IP, Ro, TE
1024;Againme;50557;AP, Rv
1025;Benjiboi;50496;
1026;Dodger67;50433;Rv, Ro
1027;Black Kite;50433;Ad
1028;Wayne Slam;50397;Rv, Ro
1029;Sarah777;50310;Rv, Ro
1030;TheMightyPeanut;50242;AP
1031;K6ka;50153;AP, Rv, Ro
1032;Jonkerz;50113;AP
1033;Hchc2009;50106;AP
1034;1exec1;50085;Rv, Ro
1035;Aitias;50076;Ro
1036;Gareth Griffith-Jones;50043;Rv, Ro
1037;Katieh5584;50027;Ro
1038;MrOllie;50021;
1039;Mushroom;49913;Ad
1040;Polylerus;49876;AP, Rv
1041;NoseNuggets;49870;
1042;5 albert square;49843;Ad
1043;Andrew Gray;49834;Ab, Ad
1044;Stuartyeates;49776;AP, EV, Rv, Ro
1045;Edison;49711;Ad
1046;SGGH;49689;
1047;Dolovis;49683;AP
1048;De728631;49677;Ad
1049;Marudubshinki;49641;
1050;Ian Rose;49541;AP, MM, Rv, Ro
1051;Ketiltrout;49528;AP, Rv
1052;Trust Is All You Need;49496;AP, Rv
1053;King of the North East;49407;AP, Rv
1054;J 1982;49334;AP
1055;Versus22;49292;Ro
1056;Denisarona;49275;Rv, Ro
1057;Stephenb;49273;Rv
1058;Bidgee;49263;AP, Rv, Ro
1059;[Placeholder];49225;
1060;Y2kcrazyjoker4;49173;Rv
1061;Bashereyre;49094;AP, Rv
1062;CutOffTies;49020;Rv, Ro
1063;LadyofShalott;49017;EV, Ad
1064;Circeus;49001;Ad
1065;ElKevbo;48979;Ro
1066;[Placeholder];48975;
1067;Hurricanehink;48904;Ad
1068;Mitchazenia;48888;EC, Ad
1069;L Kensington;48869;Rv, Ro
1070;Mhockey;48850;AP
1071;CAWylie;48787;AP, Rv
1072;Notafly;48783;AP, Rv
1073;Retired username;48708;
1074;TUF-KAT;48707;
1075;CanadianLinuxUser;48694;Rv, Ro
1076;Mike Cline;48678;EC, Ad
1077;Jytdog;48670;AP, Rv, Ro
1078;Tagishsimon;48655;AP, Rv
1079;Sreejithk2000;48616;AP, F, Rv, Ro
1080;JIP;48561;Ad
1081;Sbmeirow;48558;Ro
1082;Caerwine;48546;Ro
1083;MusiCitizen;48532;AP, Rv
1084;Delirium;48503;Ad
1085;Pinkadelica;48447;Rv, Ro
1086;Greenshed;48373;AP, Rv
1087;Cavarrone;48362;AP
1088;Davewild;48355;Ad
1089;Hertz1888;48328;Rv, Ro
1090;Trackinfo;48320;AP, Rv
1091;Marketdiamond;48275;
1092;Peter coxhead;48267;AP, Rv, Ro, TE
1093;Camboxer;48267;
1094;Apparition11;48254;Rv, Ro
1095;Simon Burchell;48234;AP, Rv, Ro
1096;Max24;48201;AP
1097;KnowledgeOfSelf;48141;
1098;GoPurpleNGold24;48134;
1099;Gilabrand;48119;
1100;Mdd;47994;AP
1101;Shyamal;47947;Ad
1102;CTF83!;47898;AP, F, Rv, Ro
1103;Nikki311;47896;
1104;Aelfthrytha;47846;Rv
1105;Brews ohare;47827;
1106;Jetstreamer;47764;AP, Rv, Ro
1107;Jengod;47716;Ad
1108;JamesAM;47681;
1109;Gwen Gale;47672;Ad
1110;ThinkBlue;47647;AP, Rv, Ro
1111;N. Harmonik;47642;
1112;EEMIV;47641;IP, Rv, Ro
1113;Danbarnesdavies;47601;AP, Rv, Ro
1114;MisfitToys;47598;Ad
1115;DASonnenfeld;47478;Rv
1116;Brianhe;47465;AP, IP, Rv, Ro
1117;Guettarda;47396;Ad
1118;Tintor2;47328;Rv
1119;Skysmith;47279;AP, Rv
1120;Tiptoety;47278;Ab, Ch, Ad
1121;Nil Einne;47264;Rv, Ro
1122;Just Chilling;47251;Ad
1123;Aleenf1;47248;AP, Rv, Ro
1124;SatyrTN;47186;Ad
1125;Xufanc;47158;AP, IP, Rv
1126;Christian75;47003;Rv, Ro
1127;Gwillhickers;46954;F, Rv, Ro
1128;Emeraude;46952;AP, Rv
1129;Paul Erik;46945;Ad
1130;[Placeholder];46937;
1131;Old Moonraker;46902;Rv, Ro
1132;Seth Ilys;46881;
1133;Nedim Ardoğa;46850;AP, Rv
1134;Cla68;46820;AP, Rv
1135;Tom harrison;46789;Ad
1136;Prayerfortheworld;46788;AP
1137;Kingboyk;46707;Ad
1138;Shirt58;46680;Ad
1139;TreasuryTag;46643;
1140;Oleg Alexandrov;46611;Ad
1141;Evolution2k8;46586;
1142;Yamamoto Ichiro;46548;Ad
1143;Moonraker;46528;AP, Rv, Ro
1144;Ravichandar84;46521;AP, Rv, Ro
1145;Sven Manguard;46501;AP, F, Rv, Ro, TE
1146;BullRangifer;46476;AP, Rv, Ro
1147;Calistemon;46471;AP, Rv
1148;Alexk785;46362;AP, Rv
1149;The Emperor's New Spy;46318;AP
1150;Aiman abmajid;46274;
1151;Liftarn;46261;
1152;SnapSnap;46133;Rv
1153;Avraham;46056;Ab, B, Ch, O, Ad
1154;We hope;46034;F, Rv, Ro
1155;Chowbok;46010;AP, F, Rv, Ro
1156;PMDrive1061;46004;
1157;Fratrep;45975;
1158;Acad Ronin;45968;AP, Rv, Ro
1159;Kerry Raymond;45930;AC, AP, EP, CI
1160;Mr Hall of England;45886;
1161;Maile66;45872;AP, Rv, Ro
1162;Irishguy;45851;
1163;Wwoods;45849;Ad
1164;JPG-GR;45819;Ad
1165;DARTH SIDIOUS 2;45798;Rv, Ro
1166;Kolindigo;45783;AP, Rv
1167;Reedmalloy;45757;AP
1168;Σ;45645;AP, Rv, Ro
1169;Uncle G;45555;Ad
1170;Johnfos;45528;AP, Rv, Ro
1171;Antidiskriminator;45526;AP, Ro
1172;Jayen466;45512;AP, Rv, Ro
1173;Pdfpdf;45454;
1174;A. B.;45428;
1175;Miyagawa;45417;AP, MM, Rv, Ro
1176;Ericystephi;45375;AP, Rv
1177;Amaury;45365;Ro
1178;Hammersoft;45356;
1179;Steven Walling;45336;Ad
1180;Angela;45320;Ad
1181;Vanished user ewfisn2348tui2f8n2fio2utjfeoi210r39jf;45314;
1182;New Age Retro Hippie;45311;AP, F
1183;Penbat;45310;
1184;Rrius;45260;AP, Rv, Ro
1185;PhnomPencil;45230;AP, Rv
1186;WDGraham;45201;AP, Rv, Ro
1187;Callanecc;45196;Ab, Ch, O, Ad
1188;FkpCascais;45155;AP, Rv, Ro
1189;Pumpie;45119;
1190;Gimmetrow;45106;Ad
1191;Jojhutton;45082;IP, Rv, Ro
1192;Alex Bakharev;45050;Ad
1193;Keith-264;44966;
1194;SusanLesch;44947;AP, Rv, Ro
1195;Kittybrewster;44898;Rv, Ro
1196;EncMstr;44894;Ab, Ad
1197;FoCuSandLeArN;44842;AP
1198;Rosser1954;44838;AP, Rv
1199;TTN;44825;
1200;Jeff3000;44807;Rv, Ro
1201;Polaron;44789;AP
1202;R-41;44778;
1203;MacGyverMagic;44753;
1204;Catapult;44687;
1205;Arsenikk;44672;Ad
1206;Caldorwards4;44602;AP, Rv
1207;Tim riley;44559;AC, AP, Rv, Ro
1208;Tgeairn;44551;Rv, Ro
1209;Frecklefoot;44499;AP, Rv
1210;Wikid77;44476;AP, TE
1211;Onel5969;44444;AP, Rv, Ro
1212;Tedickey;44442;Rv, Ro
1213;LauraHale;44425;AP, Rv, Ro
1214;Bejnar;44417;AP, Rv, Ro
1215;Chandan Guha;44392;AP, IP, Rv
1216;Disavian;44375;AP, EV, F, Rv, Ro
1217;Huaiwei;44373;
1218;RichardF;44370;
1219;Zanhe;44340;AP, Rv
1220;Cyphoidbomb;44239;AP, Rv, Ro
1221;Fabregas0414;44170;
1222;Giants27;44096;AP, Rv, Ro
1223;JuJube;44091;
1224;Afasmit;44044;AP, Rv
1225;Magiciandude;44035;AP, Rv, Ro
1226;Carabinieri;44033;Ad
1227;Mentifisto;43936;O, Ad
1228;Hiding;43887;Ad
1229;Midnightblueowl;43879;AP
1230;The JPS;43874;Ad
1231;SarekOfVulcan;43836;Ad
1232;Alison;43835;Ab, Ch, O, Ad
1233;Canglesea;43826;AP, Rv
1234;Delldot;43819;Ad
1235;CapitalR;43796;Ad
1236;Stefanomione;43761;Rv, Ro
1237;Raymarcbadz;43726;AP
1238;Chubbles;43712;AP, Rv
1239;VernoWhitney;43710;Ad
1240;Shortride;43572;Rv
1241;AngusWOOF;43559;Rv
1242;Keithbob;43494;Rv, Ro
1243;SQGibbon;43490;Rv, Ro
1244;NeoBatfreak;43475;
1245;EdJohnston;43451;Ad
1246;Jac16888;43432;Ad
1247;LibStar;43356;Rv, Ro
1248;Jiang;43343;Ad
1249;Evrik;43311;AP, Rv, Ro
1250;Benlisquare;43304;AP, F, Rv, Ro
1251;Lil-unique1;43290;F, Rv, Ro
1252;Realist2;43276;AP, Rv, Ro
1253;Jesse V.;43244;EV, IP, Rv, Ro
1254;CJLL Wright;43238;
1255;Gwern;43219;AP, Rv, Ro
1256;Stevertigo;43141;
1257;Anotherclown;43141;AP, F, Rv
1258;AGK;43090;Ab, Ch, O, Ad
1259;Gareth E Kegg;43087;AP, Rv
1260;Dweller;43067;B, O, Ad
1261;JLaTondre;43046;Ad
1262;ChildofMidnight;43041;
1263;ChrisO~enwiki;43032;
1264;WolfmanSF;43016;AP, Rv
1265;AlbertSM;43002;Rv
1266;Czar;42984;CI, EV, Ad
1267;LeaveSleaves;42926;Ro
1268;Jarble;42910;
1269;GAThrawnIGF;42899;AP, Rv
1270;Buster7;42898;Rv, Ro
1271;HiLo48;42846;Rv, Ro
1272;Mikael Häggström;42807;AP, Rv, Ro
1273;Vanjagenije;42680;AP, Rv, Ro
1274;Yunshui;42666;Ch, EV, O, Ad
1275;Thegreatdr;42627;AP, Rv, Ro
1276;Volcanoguy;42623;AP, Rv, Ro
1277;Eurodog;42605;
1278;Noq;42602;Rv, Ro
1279;John254;42562;
1280;[Placeholder];42554;
1281;Stan Shebs;42552;B, Ad
1282;Cwmhiraeth;42541;AP, Ro
1283;Robert Moore;42511;AP, Rv
1284;HelloAnnyong;42509;Ad
1285;Masonpatriot;42507;AP, Rv, Ro
1286;Georgejdorner;42505;AP, Rv
1287;Titoxd;42487;Ad
1288;Appraiser;42464;
1289;ERcheck;42438;Ad
1290;SNUGGUMS;42430;Rv, Ro
1291;[Placeholder];42388;
1292;Bazonka;42343;AP, Rv, TE
1293;Blueboar;42317;Rv
1294;Berean Hunter;42286;Ad
1295;Koplimek;42234;AP
1296;Big iron;42228;AP, Rv
1297;Canadaolympic989;42188;
1298;Luk;42138;Ab, Ad
1299;Before My Ken;42112;
1300;Marcocapelle;42095;
1301;Fat&Happy;42060;Rv
1302;North8000;42046;Rv, Ro
1303;FayssalF;42033;
1304;Manxruler;42030;AP, Rv, Ro
1305;AxG;42014;AP, Rv, Ro, TE
1306;Fred Bauder;41995;Ad
1307;SuperMarioMan;41962;Ad
1308;Montell 74;41945;AP, Ro
1309;Matej1234;41919;
1310;Equazcion;41919;AP, Rv, Ro, TE
1311;Mark Miller;41910;Rv, Ro
1312;ACSE;41870;AP, Rv, Ro
1313;GabeMc;41831;F, Rv, Ro
1314;Eagles247;41826;Ad
1315;WQUlrich;41823;AP, Rv
1316;X96lee15;41786;AP, Rv
1317;Emerson7;41776;AP, Rv
1318;Nergaal;41767;AP, IP, Rv, Ro
1319;MisterCake;41755;AP
1320;Parrot of Doom;41735;AP, Rv, Ro
1321;Swampyank;41721;AP, Rv
1322;Brian0918;41717;Ad
1323;I9Q79oL78KiL0QTFHgyc;41698;Ro
1324;Mzajac;41689;Ad
1325;Catgamer;41656;
1326;James086;41601;Ad
1327;Fetchcomms;41587;Ab
1328;Lambiam;41586;AP
1329;Chrisdoyleorwell;41567;AP
1330;Curly Turkey;41531;AP
1331;JayJasper;41528;Rv
1332;Realkyhick;41526;
1333;NYScholar;41511;
1334;Gidonb;41433;AP
1335;Danny;41414;Ad
1336;T. Anthony;41393;AP, Rv
1337;Technopat;41333;AP, Rv, Ro
1338;ARTEST4ECHO;41285;Rv
1339;A. Carty;41182;AP, Rv
1340;Mark Schierbecker;41174;AP, F, Rv, Ro
1341;Jc37;41134;Ad
1342;Bine Mai;41118;Rv
1343;Joao10Siamun;41115;AP, Rv
1344;Allstarecho;41096;Ro
1345;Biker Biker;41047;Rv, Ro
1346;Ravenswing;41012;AP, Rv, Ro
1347;Carioca;41008;Ad
1348;Hassocks5489;41008;AP, Rv, Ro
1349;David Kernow;40997;
1350;Snek01;40987;AP, Rv
1351;Cliff1911;40928;
1352;Mrschimpf;40924;F, Rv, Ro
1353;Anonymous Dissident;40921;
1354;Jim Michael;40920;
1355;Plasma east;40917;AP
1356;Sesshomaru;40876;Ro
1357;Dennis Bratland;40853;
1358;Ruslik0;40838;Ab, Ad
1359;Largoplazo;40792;Rv, Ro
1360;ReyBrujo;40719;AP, Rv, Ro
1361;LOL;40713;Rv, Ro
1362;PresN;40708;Ad
1363;Doma-w;40695;AP, Rv
1364;Medeis;40683;
1365;SportsMaster;40659;AP, Rv
1366;Jheald;40637;AP, Rv
1367;UnqstnableTruth;40637;Rv
1368;Wolfer68;40635;
1369;MPF;40567;
1370;R.e.b.;40562;AP, Rv
1371;Packerfansam;40546;AP, Rv
1372;Collect;40544;Rv
1373;Cnwilliams;40526;
1374;NortyNort;40524;AP, F, Rv, Ro
1375;Bagumba;40520;Ad
1376;LlywelynII;40519;AP
1377;Kbthompson;40503;
1378;Eliyak;40486;
1379;Tentinator;40424;AP, Rv, Ro
1380;MastCell;40389;Ab, Ad
1381;Str1977;40385;Rv
1382;Elockid;40329;Ab, Ch, O, Ad
1383;Davey2010;40323;Rv, Ro
1384;Kotniski;40317;AP, Rv, Ro
1385;Canley;40308;Ad
1386;Charlesdrakew;40289;Rv, Ro
1387;Rcbutcher;40268;AP, Rv
1388;Hut 8.5;40260;Ad
1389;Seb az86556;40214;Rv
1390;DDima;40207;Ad
1391;Corvus cornix;40190;Rv, Ro
1392;Nymf;40190;Rv, Ro
1393;Hrafn;40176;
1394;Ihardlythinkso;40166;AP, Rv, Ro
1395;Racerx11;40152;Rv, Ro
1396;Escape Orbit;40151;IP, Rv, Ro
1397;Widefox;40147;AP, Rv, Ro
1398;Add92;40139;AP, Rv
1399;Betty Logan;40135;
1400;The Almightey Drill;40061;
1401;Bkell;40058;Ad
1402;McPhail;40051;
1403;Mattlore;40038;AP, Rv
1404;Mathsci;39998;AP, Rv
1405;BOZ;39995;Ad
1406;Ben MacDui;39971;Ad
1407;Cyclonebiskit;39966;AP, EC, F, Rv, Ro
1408;Alpha Quadrant;39909;F, Ro
1409;Katydidit;39898;
1410;Mboverload;39894;Rv, Ro
1411;Maury Markowitz;39887;Ad
1412;Fluffernutter;39859;O, Ad
1413;Haus;39812;AP, Rv
1414;Aristophanes68;39805;AP, Rv
1415;Looper5920;39794;
1416;Andrewa;39788;Ad
1417;MegX;39750;
1418;Ned Scott;39711;
1419;Kiefer.Wolfowitz;39688;
1420;Wbm1058;39682;Rv, Ro, TE
1421;Urhixidur;39659;Ad
1422;Willking1979;39655;Ad
1423;Goethean;39635;AP
1424;Hairhorn;39598;Ro
1425;Calmer Waters;39590;Ad
1426;Quiddity;39588;Rv, Ro
1427;Nishidani;39567;
1428;RoyBoy;39562;Ad
1429;Indubitably;39560;AP, Rv, Ro
1430;RevelationDirect;39548;
1431;AxelBoldt;39508;Ad
1432;Capitalistroadster;39486;Ad
1433;Underlying lk;39484;AP, TE
1434;Hike395;39461;AP, Rv, TE
1435;Yulia Romero;39450;AP, Rv
1436;Icarusgeek;39411;
1437;Hoverfish;39395;AP
1438;Aude;39389;Ad
1439;Wizard191;39388;AP, Rv, Ro
1440;Asarelah;39367;AP, Rv, Ro
1441;Lquilter;39346;Ad
1442;Bogdangiusca;39346;Ad
1443;Doremo;39339;AP
1444;Bellerophon5685;39312;AP
1445;Striver;39311;
1446;Athaenara;39293;Ad
1447;Jimbo online;39288;AP, Rv
1448;Egghead06;39223;AP, Ro
1449;Quentin X;39194;AP, F, Rv, Ro
1450;Fences and windows;39188;Ad
1451;Johnelwaq;39177;AP, Rv
1452;Giftlite;39167;AP, Rv
1453;ViperSnake151;39148;AP, Rv, Ro
1454;DaHuzyBru;39143;AP
1455;Jameboy;39120;AP, Rv
1456;Boleyn2;39081;AP, Rv
1457;Oanabay04;39062;AP, Rv
1458;Francs2000;39062;
1459;Jehochman;39058;Ad
1460;EVula;39046;B, Ad
1461;Judgesurreal777;39030;Rv, Ro
1462;Gay Cdn;38969;
1463;Khaosworks;38915;Ad
1464;Sp33dyphil;38901;AP, Rv, Ro
1465;Lamro;38898;AP
1466;Bmclaughlin9;38859;AP, Rv
1467;DangerousPanda;38827;
1468;Sengkang;38820;
1469;David Levy;38781;Ad
1470;Fuzzy510;38769;
1471;Airplaneman;38741;Ad
1472;Neier;38738;
1473;NWill;38725;AP, Rv
1474;Jprg1966;38712;Rv, Ro
1475;Majorly;38674;AP, Rv, Ro
1476;Deacon of Pndapetzim;38659;Ad
1477;Tamfang;38646;Rv, Ro
1478;Zanimum;38643;Ad
1479;Peridon;38621;Ad
1480;T@nn;38613;
1481;Tvtonightokc;38603;Rv
1482;JorisvS;38600;AP, Rv
1483;Uncle Dick;38577;Rv, Ro
1484;Britmax;38563;AP, Rv, Ro
1485;Falcadore;38560;AP, Rv, Ro
1486;Qed237;38537;Rv, TE
1487;Lozleader;38498;AP, Rv
1488;A Man In Black;38430;
1489;Doczilla;38430;Ad
1490;DepressedPer;38400;
1491;Tim1965;38386;AP, Rv, Ro
1492;Rklawton;38381;Ad
1493;Mlpearc;38355;AC, AP, F, Rv, Ro, TE
1494;WJBscribe;38325;B, Ad
1495;Waggers;38322;Ad
1496;Dave souza;38307;Ad
1497;Apokryltaros;38278;AP, Rv
1498;Lowellian;38253;Ad
1499;Tryptofish;38200;Rv, Ro
1500;AndyTheGrump;38192;Rv
1501;RandySavageFTW;38158;
1502;Al Ameer son;38152;Ad
1503;Mr Accountable;38118;AP, Rv
1504;Faizan;38113;AP, F, Rv, Ro
1505;BabbaQ;38078;
1506;EmanWilm;38061;
1507;Liz;37912;AP, MM, Rv, Ro
1508;Tyrenius;37863;Ad
1509;Peripitus;37849;Ad
1510;Ucucha;37808;Ad
1511;Happysailor;37803;Rv, Ro
1512;Salvio giuliano;37802;Ch, O, Ad
1513;Darkwind;37801;Ab, Ad
1514;Ben Ben;37777;Rv, Ro
1515;Prolog;37759;Ad
1516;Sbharris;37751;AP, Rv
1517;ThaddeusB;37751;Ab, Ad
1518;AndrewHowse;37750;AP, Rv, Ro
1519;Phil Boswell;37709;Ad
1520;Nigel Ish;37656;AP, Rv
1521;Flami72;37628;AP, Rv, Ro
1522;Tobias Conradi;37615;
1523;Ewawer;37607;
1524;JimWae;37601;Rv, Ro
1525;Tolly4bolly;37543;IP, Rv, Ro
1526;Dcoetzee;37529;
1527;JMyrleFuller;37525;AP
1528;23skidoo;37510;
1529;Persian Poet Gal;37390;
1530;Intoronto1125;37384;
1531;Eugene van der Pijll;37383;
1532;Botteville;37342;AP, Rv
1533;Anaxial;37329;AP, Rv, Ro
1534;Arpingstone;37327;Rv, Ro
1535;Centrx;37287;
1536;NrDg;37279;Ad
1537;Gen. Quon;37260;AP, Rv
1538;Noroton;37252;
1539;HandsomeFella;37250;AP
1540;Chris.urs-o;37239;Rv, Ro
1541;M-le-mot-dit;37226;AP, Rv
1542;Bishonen;37180;Ad
1543;Newyorkbrad;37160;Ad
1544;Technical 13;37142;
1545;VasuVR;37136;AP, Rv
1546;DJ Clayworth;37121;
1547;Rajasekhar1961;37116;AP
1548;John from Idegon;37035;AP, IP, Rv, Ro
1549;Freakofnurture;36981;
1550;[Placeholder];36950;
1551;Hometown Kid;36920;
1552;Radiant!;36918;Ad
1553;Handicapper;36912;
1554;Badbilltucker;36909;
1555;Sugar Bear;36906;
1556;Jclemens;36885;AP, Rv, Ro
1557;Kappa;36858;
1558;Theleftorium;36852;Ad
1559;RickK;36836;
1560;Kelapstick;36833;O, Ad
1561;Peacemaker67;36808;AP, Rv, Ro
1562;Syrthiss;36771;Ad
1563;Smsarmad;36766;AC, AP, Rv, Ro
1564;Nimbus227;36761;AP, Rv, Ro
1565;[Placeholder];36744;
1566;Feydey;36732;Ad
1567;Squids and Chips;36725;Rv
1568;Aecis;36712;
1569;Yoninah;36709;AP, Rv, Ro
1570;Mr Stephen;36690;Rv, Ro
1571;Tryde;36681;AP, Rv
1572;Canuckian89;36632;Rv, Ro
1573;Trut-h-urts man;36611;Ro
1574;Legolas2186;36609;Ro
1575;Steel1943;36556;Rv, Ro, TE
1576;The Blade of the Northern Lights;36482;Ab, Ad
1577;AEMoreira042281;36475;Rv
1578;Petri Krohn;36472;AP
1579;Cbbkr;36444;
1580;DexDor;36425;AP
1581;Husond;36422;Ad
1582;Qxz;36406;
1583;Andonic;36379;Ad
1584;BigrTex;36369;Ad
1585;Thismightbezach;36349;Rv
1586;Some jerk on the Internet;36345;Rv, Ro
1587;JonHarder;36339;Ro
1588;Tomcat7;36338;AP, F, Rv, Ro
1589;Vanished user 5zariu3jisj0j4irj;36325;
1590;Steven Zhang;36320;AP, EV, F, IP, Rv, Ro, TE
1591;Midgrid;36309;AP, MM
1592;TheDJ;36302;
1593;Sunray;36297;Rv, Ro
1594;Ss112;36292;Rv
1595;Huntster;36283;Ad
1596;Siva1979;36254;Rv, Ro
1597;DemocraticLuntz;36208;Rv, Ro
1598;J3Mrs;36195;AP, Rv
1599;Green Giant;36189;AP, IP, Rv, Ro
1600;Gfoley4;36175;Ad
1601;Sherurcij;36146;AP, Rv
1602;Iohannes Animosus;36143;
1603;Someguy1221;36103;Ab, O, Ad
1604;Allens;36086;Ro
1605;Lightsout;36065;Ro
1606;Ian.thomson;36061;Rv, Ro
1607;1ForTheMoney;36041;Rv
1608;Druryfire;36034;Rv
1609;PrimeHunter;35935;Ad
1610;Michael Bednarek;35858;AP
1611;Cambalachero;35858;AP, Rv, Ro
1612;MelanieN;35846;Ad
1613;BlueMoonset;35811;
1614;Ingolfson;35810;AP, Rv
1615;TSRL;35801;AP, Rv
1616;Saberwyn;35754;AP, Rv, Ro
1617;Softlavender;35736;Rv, Ro
1618;Brookie;35721;Ad
1619;Patken4;35717;AP, Rv
1620;Bobblehead;35704;
1621;Doug butler;35703;AP
1622;Bigddan11;35688;
1623;Themeparkgc;35681;AP, F, Rv, Ro
1624;Coemgenus;35668;AP, Rv, Ro
1625;Donald Albury;35664;Ad
1626;Violetriga;35631;Ad
1627;Ganeshk;35615;Ad
1628;Smith609;35591;Ad
1629;Kevin McE;35575;
1630;Sergecross73;35567;Ad
1631;Kaihsu;35564;Ad
1632;Chris Capoccia;35538;
1633;Mattgirling;35533;Ad
1634;KumiokoCleanStart;35532;
1635;Wiki Greek Basketball;35531;
1636;Joseph Laferriere;35527;AP
1637;RA0808;35521;Rv, Ro
1638;Dinoguy2;35520;AP
1639;Metropolitan90;35517;Ad
1640;Huldra;35494;Rv, Ro
1641;SharkD;35488;Rv
1642;CorporateM;35460;F, Rv, Ro
1643;Roleplayer;35456;AP, Rv, Ro
1644;Jmlk17;35455;
1645;Innotata;35450;AP, F, Rv, Ro
1646;Enigmaman;35436;Ad
1647;[Placeholder];35434;
1648;ZooFari;35389;AP, Rv, Ro
1649;Zoe;35376;
1650;Gunmetal Angel;35349;Rv
1651;Ocaasi;35338;Ad
1652;Vensatry;35338;AP, F, Rv, Ro
1653;Gaia Octavia Agrippa;35332;AP, Rv, Ro
1654;Miesianiacal;35329;
1655;Chongkian;35324;AP
1656;MECU;35316;Ad
1657;Nihil novi;35312;AP
1658;Aldis90;35303;Rv
1659;Spencer;35295;Ad
1660;GraemeL;35283;Ad
1661;Corvus tristis;35216;AP, Rv
1662;Δ;35167;AP, F, Rv
1663;Triwbe;35144;Rv, Ro
1664;Amatulic;35044;Ad
1665;Charles01;34990;AP, Rv
1666;Kinu;34965;Ad
1667;Joshua Jonathan;34964;
1668;AssociateAffiliate;34926;AP, Rv
1669;HoldenV8;34910;AP
1670;7;34882;Ab, Ad
1671;Jack Merridew;34837;
1672;Nrswanson;34819;
1673;Figaro;34817;AP
1674;[Placeholder];34803;
1675;Ling.Nut;34803;AP, Rv, Ro
1676;Gryffindor;34774;Ad
1677;Jogers;34766;
1678;QuackGuru;34762;
1679;Spellcast;34762;Ad
1680;FSII;34759;
1681;Cullen328;34750;AP, EV, IP, Rv, Ro
1682;Tariqabjotu;34748;Ad
1683;Filll;34732;Rv
1684;Maralia;34721;AP, Rv, Ro, TE
1685;Secretlondon;34720;B, Ad
1686;Rama;34717;Ad
1687;[Placeholder];34713;
1688;MPJ-DK;34695;AP, Rv
1689;Bluerasberry;34673;AC, AP, EP, EV, F, IP, Rv, Ro
1690;Kralizec!;34663;Ab, Ad
1691;Frosty;34653;Rv, Ro
1692;Miranda;34620;AP, Rv, Ro
1693;Keith Edkins;34600;AP, Rv
1694;Cmr08;34595;AP
1695;Darkwarriorblake;34591;F
1696;Paulmcdonald;34578;Ad
1697;Kober;34575;AP, Rv
1698;Phil Bridger;34547;Rv, Ro
1699;Cmdrjameson;34494;
1700;Clariosophic;34491;AP, Rv
1701;Nitsansh;34490;AP, Rv
1702;Active Banana;34487;Rv, Ro
1703;TJRC;34466;AP, Rv, Ro
1704;Freshacconci;34465;Rv, Ro
1705;PiCo;34443;Rv
1706;Takabeg;34399;AP
1707;Jnestorius;34394;AP, Rv
1708;Chetvorno;34390;
1709;Smallbones;34356;AP, Rv
1710;Nhl4hamilton;34324;AP
1711;Jafeluv;34321;
1712;David Fuchs;34312;Ch, O, Ad
1713;Vejvančický;34283;Ad
1714;Tom Danson;34280;AP, Rv
1715;Angelo.romano;34253;Ad
1716;TommyBoy;34243;Ad
1717;Froid;34237;
1718;Ged UK;34222;Ad
1719;Dawn Bard;34216;Rv, Ro
1720;Asiaticus;34207;AP, Rv
1721;SkyWalker;34185;AP, Ro
1722;Lekoren;34172;AP
1723;Deli nk;34161;Rv, Ro
1724;Otolemur crassicaudatus;34106;Ro
1725;Oknazevad;34094;
1726;Joyous!;34093;Ad
1727;Flying Saucer;34091;AP, Rv
1728;Wikidemon;34090;AP, Rv
1729;Rossrs;34075;AP, Rv
1730;Basement12;34056;AP, Rv, Ro
1731;Milowent;34033;AP, Rv, Ro
1732;OnBeyondZebrax;34022;AP, Rv
1733;Thomas Paine1776;34013;Rv
1734;Adamdaley;34013;AP, Ro
1735;Uyvsdi;34009;AP, Rv, Ro
1736;Goustien;33992;AP
1737;DBigXray;33992;AP, F, Rv, Ro
1738;Conscious;33989;
1739;Cloudbound;33988;AP, F, Rv, Ro
1740;Ritchie333;33980;Ab, Ad
1741;Davidwr;33964;AP, Rv, Ro
1742;Kathleen.wright5;33946;Rv
1743;Sam Spade;33916;
1744;AaronY;33909;AP
1745;Gongshow;33899;AP, Rv, Ro
1746;Backspace;33897;AP, Rv
1747;MuffledThud;33885;
1748;Yerevantsi;33870;AP
1749;Omegatron;33841;Ad
1750;Nthep;33780;Ad
1751;Johnuniq;33766;Rv, Ro, TE
1752;Andyjsmith;33763;Rv
1753;Pharos;33760;EC, EP, Ad
1754;TLSuda;33752;Ad
1755;Valenciano;33749;AP, Rv, Ro
1756;Roger Davies;33740;Ch, O, Ad
1757;MikeWazowski;33730;
1758;Tom.Reding;33696;
1759;DCGeist;33683;AP, Rv, Ro
1760;Penale52;33666;AP, Rv
1761;Foofbun;33665;AP
1762;SimonTrew;33664;AP, Rv, Ro
1763;CrazyC83;33636;AP, Rv
1764;Physchim62;33618;AP, Rv
1765;Myasuda;33615;AP, Rv
1766;MrKIA11;33613;Ad
1767;Bearsona;33613;AP, Rv, Ro
1768;Herostratus;33606;AP, Rv, Ro
1769;KillerChihuahua;33590;Ad
1770;Svick;33588;IP, Rv
1771;Reedy;33587;Ab, Ad
1772;Eagle4000;33573;
1773;Codename Lisa;33547;F, TE
1774;Dfotev;33544;
1775;CharlotteWebb;33527;AP, Rv, Ro
1776;Caltas;33522;Rv, Ro
1777;Adavidb;33520;Rv, Ro
1778;Ultramarine;33507;
1779;Maxim;33502;Ab, B, Ad
1780;AllyD;33479;AP, Rv
1781;Halibutt;33462;AP, Rv
1782;Starzynka;33455;
1783;Cynwolfe;33442;AP, Rv
1784;Deucalionite;33427;
1785;Splash;33422;Ad
1786;Skizzik;33404;AP, Rv, Ro
1787;Emijrp;33400;AP, Rv, Ro
1788;Esanchez7587;33380;Ad
1789;EnDaLeCoMpLeX;33354;AP, Rv, Ro
1790;Versageek;33341;Ab, Ch, Ad
1791;CardinalDan;33335;Rv, Ro
1792;Timotheus Canens;33325;Ab, Ch, O, Ad
1793;Tobibln;33268;AP, Rv
1794;Motacilla;33268;AP, Rv
1795;Altairisfar;33247;AP, F, Rv, Ro
1796;Portillo;33205;
1797;Tabercil;33176;Ad
1798;842U;33174;Rv
1799;Danger;33173;Rv, Ro
1800;Knowledgekid87;33166;Rv, Ro
1801;Valmir144;33165;
1802;Ytfc23;33159;Rv, Ro
1803;Hersfold;33142;
1804;Rjd0060;33129;Ab, Ad
1805;PatGallacher;33118;Rv, Ro
1806;Johnsoniensis;33115;
1807;Amalas;33112;
1808;Shell Kinney;33094;
1809;Eastmain;33076;AP, Rv, Ro
1810;HonorTheKing;33048;AP, Rv, Ro
1811;HalfShadow;33038;Rv, Ro
1812;Stone;33012;AP, Rv, Ro
1813;DreamGuy;33002;
1814;Srleffler;33000;Rv, Ro
1815;Drbogdan;32999;AP, Rv, Ro
1816;EvergreenFir;32978;Rv, Ro
1817;Wrestlinglover;32973;AP, Rv, Ro
1818;Mudwater;32964;AP, Rv, Ro
1819;TriiipleThreat;32963;F, Rv, Ro
1820;FreeRangeFrog;32962;Ab, Ad
1821;Barticus88;32947;Rv
1822;Ta bu shi da yu;32902;
1823;DRAGON BOOSTER;32902;Rv, Ro
1824;Zoupan;32889;AP
1825;N5iln;32885;Rv, Ro
1826;Mtminchi08;32884;
1827;One Night In Hackney;32879;Rv, Ro
1828;Sherool;32872;Ad
1829;Bubba hotep;32868;
1830;Atlant;32865;Ad
1831;4meter4;32810;AP
1832;Jza84;32775;
1833;Baffle gab1978;32769;IP, Rv
1834;My Core Competency is Competency;32752;AP, Rv, Ro
1835;Nixeagle;32736;
1836;Huon;32718;Ad
1837;Easy4me;32692;
1838;Instantnood;32683;
1839;Benea;32665;AP, Rv, Ro
1840;Jaysuc;32644;
1841;Randhirreddy;32643;AP, Rv
1842;Andrewman327;32607;AP, Rv, Ro
1843;Irpen;32604;
1844;Zanoni;32597;AP, Rv, Ro
1845;Cliftonian;32593;AP, Rv, Ro
1846;Johnluisocasio;32592;AP
1847;Theopolisme;32584;EV, Rv, Ro, TE
1848;RobJ1981;32546;
1849;Kauffner;32539;
1850;Deckiller;32532;Ad
1851;SL93;32520;AP, Rv
1852;Tachs;32518;AP
1853;Cindamuse;32512;
1854;Hzh;32505;Rv
1855;Synthwave.94;32495;
1856;Lfstevens;32474;
1857;The Man in Question;32462;AP, Rv
1858;SoWhy;32451;Ad
1859;Ruby2010;32421;AP, F, Rv, Ro
1860;Mosmof;32391;
1861;JaMikePA;32380;
1862;Michael Devore;32375;Rv, Ro
1863;MYS77;32370;AP
1864;Vchimpanzee;32357;AP, Rv
1865;Kusma;32346;Ad
1866;[Placeholder];32332;
1867;Melburnian;32309;Ad
1868;Discographer;32299;
1869;CT Cooper;32278;Ad
1870;Flatterworld;32275;AP, Rv
1871;DoubleBlue;32265;AP, Rv, Ro
1872;Americasroof;32262;AP, Rv
1873;Extraordinary Machine;32257;Ad
1874;Sjakkalle;32242;Ad
1875;Dutchy85;32229;AP
1876;Dapi89;32215;AP
1877;Double sharp;32184;AP, F, Rv
1878;Acather96;32172;Ad
1879;PigFlu Oink;32092;
1880;SpacemanSpiff;32079;Ad
1881;78.26;32058;AP, Rv, Ro
1882;Jacoplane;32058;Ad
1883;Dual Freq;32047;AP, Ro
1884;Finlay McWalter;32019;Ad
1885;Anthonyhcole;32000;Rv, TE
1886;Fractyl;31998;
1887;JaconaFrere;31986;Ro
1888;North Shoreman;31982;Rv, Ro
1889;Polly;31977;Ro
1890;Wcquidditch;31968;AP, Rv
1891;Efe;31957;Ad
1892;Edwardx;31924;AC, AP, Rv, Ro
1893;Carolmooredc;31919;Rv, Ro
1894;Oda Mari;31908;
1895;John Cardinal;31908;Ro
1896;Melchoir;31883;Ad
1897;Mrf8128;31883;
1898;Agathoclea;31877;Ad
1899;Freechild;31875;AP, Rv
1900;Olessi;31867;
1901;Michaelmas1957;31852;Ro
1902;Andrew c;31845;Ad
1903;Vjmlhds;31838;Rv, Ro
1904;Wolfkeeper;31832;Rv
1905;Nobunaga24;31831;
1906;Nuklear;31796;
1907;Keraunos;31791;AP
1908;Tikiwont;31783;
1909;Phantomsteve;31739;Ad
1910;Rifleman 82;31734;Ad
1911;[Placeholder];31727;
1912;Morriswa;31695;
1913;P199;31677;AP, Rv, Ro
1914;Bluesangrel;31674;
1915;DavidCane;31668;AP, Rv, Ro
1916;Amalthea;31648;Ab, Ch, Ad
1917;Mendaliv;31612;AC, Rv, Ro
1918;Amandajm;31599;AP, Rv, Ro
1919;Ntsimp;31596;AP, Rv, Ro
1920;Nihiltres;31591;Ab, Ad
1921;Til Eulenspiegel;31589;Rv
1922;Nvvchar;31574;AP, Rv
1923;Academic Challenger;31569;Ad
1924;Faithlessthewonderboy;31566;Ad
1925;Jason Quinn;31551;Ad
1926;SP-KP;31537;AP, Rv
1927;Esoglou;31525;
1928;Pyrotec;31521;AP, Rv, Ro
1929;DanielCD;31501;Ad
1930;Midnightdreary;31495;AP, Rv
1931;XLerate;31489;AP, Rv, Ro
1932;Yngvadottir;31472;Ad
1933;JoshuaZ;31451;Rv, Ro
1934;KAVEBEAR;31449;AP, Rv
1935;Elizium23;31444;AP, Rv, Ro
1936;Timwi;31421;Ad
1937;Raintheone;31394;AP, F, Rv, Ro
1938;Josiah Rowe;31393;Ad
1939;Tomobe03;31392;AP, Rv
1940;Quarl;31388;Ad
1941;Simply south;31382;AP, Rv, Ro, TE
1942;Nbarth;31365;AP, Rv, Ro
1943;Marasmusine;31364;Ad
1944;Craigy144;31329;
1945;Vaoverland;31318;
1946;Wimt;31317;Ad
1947;Kraxler;31297;AP, Rv
1948;VMS Mosaic;31296;Rv, Ro
1949;LeadSongDog;31271;AP, Rv
1950;Mentoz86;31271;Ad
1951;Hotwiki;31262;
1952;The Four Deuces;31258;Rv, Ro
1953;Slakr;31252;Ab, Ad
1954;Aoidh;31238;Rv, Ro
1955;Gilgamesh~enwiki;31234;AP, Rv
1956;Hodja Nasreddin;31217;AP, Rv
1957;EkoGraf;31209;
1958;Spartaz;31206;Ad
1959;Reddogsix;31205;Ro
1960;Chase me ladies, I'm the Cavalry;31180;Rv, Ro
1961;Tiamut;31162;AP, Rv
1962;Bull-Doser;31149;
1963;Jack Cox;31136;
1964;SchrutedIt08;31136;AP, Rv
1965;DadaNeem;31123;
1966;Dsimic;31114;Rv, Ro
1967;Kurykh;31109;Ad
1968;Inwind;31084;AP, Rv
1969;Hahc21;31076;
1970;Hydrargyrum;31066;
1971;Jwalte04;31047;Rv
1972;Sanfranman59;31031;AP, Rv
1973;Elkman;31021;AP, Rv, Ro
1974;Johnny Au;31019;Rv, Ro
1975;Scottandrewhutchins;30996;AP
1976;Calistemon1;30966;AP
1977;Gary J;30944;AP
1978;Aeusoes1;30936;Rv, Ro
1979;Kbh3rd;30928;Ad
1980;Colonel Warden;30922;AP, F, Rv, Ro
1981;Wisdom89;30903;Rv, Ro
1982;InedibleHulk;30903;
1983;Kuyabribri;30898;AP, Rv, Ro
1984;Gloss;30897;AP, Rv, Ro
1985;Giggy;30896;Ro
1986;Boleyn3;30880;AP, Rv
1987;Geometry guy;30863;Ad
1988;16@r;30848;
1989;DavidWBrooks;30846;Ad
1990;Bumm13;30844;Ad
1991;Calvin999;30831;
1992;Wesley Mouse;30813;AP, F, IP, MM, Rv, Ro, TE
1993;Vin09;30810;Rv
1994;LessHeard vanU;30780;
1995;Orangemarlin;30771;
1996;Derekbridges;30771;AP
1997;Niteshift36;30771;Rv
1998;Shiftchange;30749;AP, Rv, Ro
1999;Htonl;30731;AP, Rv
2000;Blackknight12;30726;AP, Rv, Ro
